"13.03.2025","12.855,99","12.739,00","12.895,36","12.722,00","32,88M","0,41%"
"12.03.2025","12.804,00","12.944,80","12.964,30","12.708,20","139,43M","-0,57%"
"11.03.2025","12.877,30","13.070,10","13.138,00","12.840,90","173,67M","-1,57%"
"10.03.2025","13.082,70","13.262,40","13.291,30","13.050,40","164,74M","-1,32%"
"07.03.2025","13.257,10","13.142,90","13.291,30","13.114,70","134,51M","0,17%"
"06.03.2025","13.234,20","13.274,00","13.319,60","13.099,90","176,62M","0,15%"
"05.03.2025","13.214,00","13.230,20","13.348,20","13.206,40","177,35M","1,40%"
"04.03.2025","13.031,70","13.248,20","13.282,00","12.997,10","195,20M","-2,55%"
"03.03.2025","13.373,10","13.349,30","13.446,40","13.218,70","153,78M","0,19%"
"28.02.2025","13.347,30","13.240,20","13.347,30","13.215,70","251,58M","0,58%"
"27.02.2025","13.270,60","13.221,40","13.316,70","13.178,00","159,41M","-0,46%"
"26.02.2025","13.332,00","13.130,80","13.339,70","13.126,90","125,56M","1,64%"
"25.02.2025","13.116,80","12.965,10","13.219,40","12.960,80","150,76M","0,80%"
"24.02.2025","13.012,90","12.970,60","13.052,00","12.927,20","120,80M","0,47%"
"21.02.2025","12.952,00","12.952,10","12.987,90","12.894,60","125,14M","-0,12%"
"20.02.2025","12.967,10","12.927,90","13.026,30","12.918,50","127,11M","0,29%"
"19.02.2025","12.929,40","13.103,70","13.157,30","12.914,20","131,03M","-1,63%"
"18.02.2025","13.143,90","13.026,60","13.158,60","13.014,90","127,41M","0,98%"
"17.02.2025","13.016,90","12.942,20","13.033,70","12.942,00","98,46M","0,47%"
"14.02.2025","12.956,00","12.909,50","12.984,60","12.878,90","123,29M","0,15%"
"13.02.2025","12.936,30","12.964,20","12.974,90","12.882,40","123,54M","0,19%"
"12.02.2025","12.911,50","12.816,70","12.919,90","12.810,10","152,20M","1,07%"
"11.02.2025","12.774,80","12.696,10","12.778,30","12.680,90","132,44M","0,52%"
"10.02.2025","12.708,80","12.681,20","12.739,30","12.664,60","104,17M","0,16%"
"07.02.2025","12.688,90","12.740,90","12.775,60","12.672,60","129,94M","-0,33%"
"06.02.2025","12.731,00","12.576,50","12.743,70","12.574,30","182,98M","1,55%"
"05.02.2025","12.536,70","12.422,00","12.536,70","12.420,30","189,28M","1,32%"
"04.02.2025","12.372,80","12.214,20","12.388,50","12.173,90","121,12M","1,37%"
"03.02.2025","12.205,80","12.114,20","12.264,80","12.101,30","147,69M","-1,32%"
"31.01.2025","12.368,90","12.450,50","12.465,60","12.357,80","107,14M","-0,41%"
"30.01.2025","12.419,60","12.330,20","12.424,40","12.326,20","122,51M","1,08%"
"29.01.2025","12.286,50","12.200,30","12.290,90","12.197,30","123,73M","1,09%"
"28.01.2025","12.154,20","11.983,50","12.183,00","11.975,00","102,21M","1,31%"
"27.01.2025","11.997,10","11.887,50","12.032,90","11.882,30","105,75M","0,12%"
"24.01.2025","11.982,60","12.040,20","12.050,30","11.933,30","105,56M","-0,07%"
"23.01.2025","11.991,50","11.873,80","12.001,30","11.860,60","121,48M","0,92%"
"22.01.2025","11.882,70","11.932,90","11.963,70","11.843,60","119,10M","-0,37%"
"21.01.2025","11.927,40","11.884,70","11.934,30","11.851,30","98,75M","-0,14%"
"20.01.2025","11.943,60","11.921,10","11.991,50","11.905,30","135,78M","0,23%"
"17.01.2025","11.916,30","11.883,10","11.940,80","11.873,50","120,72M","0,64%"
"16.01.2025","11.840,60","11.971,70","11.973,30","11.801,20","118,29M","-0,49%"
"15.01.2025","11.898,50","11.788,80","11.923,50","11.750,90","124,47M","1,25%"
"14.01.2025","11.752,10","11.746,00","11.797,20","11.721,50","120,30M","0,55%"
"13.01.2025","11.688,20","11.662,50","11.707,50","11.637,00","109,07M","-0,28%"
"10.01.2025","11.720,90","11.862,50","11.877,20","11.703,80","133,30M","-1,50%"
"09.01.2025","11.899,30","11.756,20","11.904,20","11.753,80","97,93M","0,86%"
"08.01.2025","11.798,10","11.799,90","11.871,70","11.709,40","123,03M","-0,12%"
"07.01.2025","11.811,90","11.797,10","11.866,60","11.724,60","115,31M","0,03%"
"06.01.2025","11.808,20","11.693,00","11.808,20","11.613,70","108,99M","1,34%"
"03.01.2025","11.651,60","11.682,90","11.701,80","11.635,50","71,18M","-0,22%"
"02.01.2025","11.676,90","11.610,90","11.676,90","11.456,20","105,38M","0,71%"
"31.12.2024","11.595,00","11.530,00","11.613,40","11.525,40","47,63M","0,50%"
"30.12.2024","11.536,80","11.478,40","11.600,40","11.470,80","85,85M","0,05%"
"27.12.2024","11.531,60","11.453,00","11.531,60","11.421,90","78,83M","0,50%"
"25.12.2024","11.473,90","11.470,00","11.485,70","11.446,20","30,48M","0,00%"
"24.12.2024","11.473,90","11.470,00","11.485,70","11.446,20","30,48M","0,33%"
"23.12.2024","11.435,70","11.462,40","11.474,90","11.399,10","74,79M","-0,28%"
"20.12.2024","11.467,30","11.373,70","11.489,20","11.310,50","246,52M","0,24%"
"19.12.2024","11.439,90","11.423,00","11.481,40","11.401,70","138,52M","-1,53%"
"18.12.2024","11.617,90","11.599,40","11.669,60","11.558,70","101,93M","0,26%"
"17.12.2024","11.588,10","11.712,60","11.738,50","11.588,10","138,71M","-1,62%"
"16.12.2024","11.778,60","11.733,80","11.794,20","11.721,40","104,56M","0,23%"
"13.12.2024","11.752,10","11.768,10","11.857,60","11.744,30","95,01M","-0,11%"
"12.12.2024","11.764,80","11.778,10","11.819,30","11.741,80","122,24M","-0,21%"
"11.12.2024","11.789,30","11.944,90","11.950,60","11.771,90","106,11M","-1,47%"
"10.12.2024","11.965,50","11.981,80","12.021,90","11.965,50","92,53M","-0,38%"
"09.12.2024","12.011,50","12.091,40","12.114,70","11.999,40","88,30M","-0,50%"
"06.12.2024","12.072,00","12.106,40","12.153,60","12.059,00","83,93M","-0,39%"
"05.12.2024","12.118,70","11.939,20","12.128,80","11.939,10","143,78M","1,57%"
"04.12.2024","11.931,60","11.890,30","11.975,90","11.890,10","99,57M","0,49%"
"03.12.2024","11.873,60","11.743,90","11.889,20","11.742,40","98,39M","1,18%"
"02.12.2024","11.735,30","11.581,40","11.785,00","11.577,80","92,36M","0,81%"
"29.11.2024","11.641,30","11.563,40","11.657,10","11.531,00","109,06M","0,26%"
"28.11.2024","11.610,80","11.615,70","11.656,90","11.600,70","79,73M","0,27%"
"27.11.2024","11.579,50","11.596,00","11.605,00","11.486,10","109,15M","-0,33%"
"26.11.2024","11.617,90","11.619,80","11.662,70","11.575,00","106,15M","-0,80%"
"25.11.2024","11.711,80","11.732,70","11.767,60","11.679,60","251,67M","0,47%"
"22.11.2024","11.656,60","11.633,70","11.674,00","11.520,90","158,60M","0,39%"
"21.11.2024","11.611,70","11.592,90","11.631,70","11.513,80","100,85M","0,19%"
"20.11.2024","11.589,50","11.643,30","11.720,70","11.548,60","105,32M","0,01%"
"19.11.2024","11.588,40","11.672,60","11.677,00","11.428,00","135,96M","-0,74%"
"18.11.2024","11.674,80","11.640,80","11.674,80","11.591,80","94,91M","0,33%"
"15.11.2024","11.635,90","11.478,80","11.664,60","11.472,00","125,50M","0,97%"
"14.11.2024","11.524,30","11.403,50","11.536,20","11.369,00","103,80M","1,29%"
"13.11.2024","11.377,10","11.361,20","11.442,40","11.295,00","107,40M","-0,05%"
"12.11.2024","11.382,60","11.475,40","11.550,60","11.378,90","119,02M","-1,85%"
"11.11.2024","11.597,30","11.644,00","11.667,70","11.593,00","98,36M","0,40%"
"08.11.2024","11.551,60","11.552,30","11.617,50","11.515,60","162,90M","-0,16%"
"07.11.2024","11.570,10","11.537,30","11.623,00","11.512,60","162,86M","0,65%"
"06.11.2024","11.495,30","11.779,40","11.794,70","11.461,20","215,40M","-2,90%"
"05.11.2024","11.839,20","11.779,50","11.847,40","11.769,70","106,57M","0,29%"
"04.11.2024","11.805,10","11.823,20","11.892,10","11.805,10","118,54M","-0,32%"
"01.11.2024","11.843,00","11.671,90","11.851,00","11.670,60","116,08M","1,46%"
"31.10.2024","11.672,60","11.640,30","11.717,30","11.615,40","152,93M","-0,36%"
"30.10.2024","11.715,00","11.748,50","11.754,50","11.634,10","125,77M","-0,68%"
"29.10.2024","11.795,30","11.959,00","11.962,50","11.786,50","131,02M","-0,91%"
"28.10.2024","11.904,00","11.863,90","11.918,50","11.817,20","90,06M","0,77%"
"25.10.2024","11.812,50","11.831,50","11.870,00","11.782,20","86,78M","-0,23%"
"24.10.2024","11.839,80","11.859,80","11.925,40","11.839,20","86,01M","-0,21%"
"23.10.2024","11.865,20","11.834,50","11.887,10","11.808,10","85,37M","0,27%"
"22.10.2024","11.832,70","11.836,00","11.840,20","11.682,30","94,83M","-0,07%"
"21.10.2024","11.841,10","11.887,90","11.932,10","11.826,60","84,30M","-0,71%"
"18.10.2024","11.925,20","11.871,90","11.934,90","11.821,60","135,86M","0,17%"
"17.10.2024","11.904,50","11.999,30","12.037,90","11.904,50","95,91M","-0,77%"
"16.10.2024","11.996,70","11.906,50","12.024,10","11.897,50","106,35M","0,56%"
"15.10.2024","11.930,20","11.884,40","11.962,20","11.864,00","113,97M","0,67%"
"14.10.2024","11.850,90","11.714,40","11.850,90","11.712,10","76,11M","1,12%"
"11.10.2024","11.720,00","11.647,60","11.729,30","11.636,70","73,63M","0,54%"
"10.10.2024","11.656,70","11.731,40","11.769,60","11.589,00","93,71M","-0,72%"
"09.10.2024","11.741,50","11.729,80","11.745,50","11.670,50","70,81M","0,06%"
"08.10.2024","11.734,70","11.637,90","11.734,70","11.606,00","90,59M","0,15%"
"07.10.2024","11.717,50","11.707,60","11.781,20","11.655,40","111,40M","0,50%"
"04.10.2024","11.659,20","11.615,20","11.668,40","11.594,40","131,35M","0,35%"
"03.10.2024","11.618,00","11.591,70","11.664,30","11.563,80","112,48M","0,07%"
"02.10.2024","11.609,80","11.656,50","11.675,50","11.570,40","133,89M","-0,55%"
"01.10.2024","11.673,50","11.891,90","11.897,60","11.625,80","177,88M","-1,72%"
"30.09.2024","11.877,30","11.929,00","11.971,80","11.876,00","128,53M","-0,76%"
"27.09.2024","11.967,90","11.933,30","12.004,60","11.933,00","129,70M","0,12%"
"26.09.2024","11.953,20","11.879,00","11.975,80","11.875,50","125,01M","1,36%"
"25.09.2024","11.792,60","11.777,40","11.856,90","11.766,30","81,76M","-0,38%"
"24.09.2024","11.837,00","11.851,00","11.867,00","11.759,50","86,97M","0,33%"
"23.09.2024","11.797,90","11.761,00","11.836,30","11.721,00","97,74M","0,38%"
"20.09.2024","11.753,30","11.751,60","11.826,70","11.747,90","307,52M","-0,21%"
"19.09.2024","11.778,10","11.799,60","11.808,20","11.710,00","129,91M","0,80%"
"18.09.2024","11.684,70","11.699,20","11.720,20","11.664,30","96,28M","-0,16%"
"17.09.2024","11.703,40","11.621,90","11.753,90","11.620,70","124,05M","1,06%"
"16.09.2024","11.581,00","11.518,20","11.592,50","11.510,00","81,42M","0,35%"
"13.09.2024","11.540,20","11.429,50","11.569,10","11.418,90","109,31M","1,23%"
"12.09.2024","11.400,20","11.397,30","11.445,90","11.336,90","101,21M","1,08%"
"11.09.2024","11.278,90","11.249,10","11.334,90","11.221,70","97,78M","0,67%"
"10.09.2024","11.203,50","11.264,20","11.369,00","11.177,00","95,94M","-0,61%"
"09.09.2024","11.272,80","11.222,10","11.295,00","11.214,50","76,64M","0,89%"
"06.09.2024","11.173,00","11.238,40","11.329,90","11.157,20","108,70M","-0,89%"
"05.09.2024","11.273,50","11.166,80","11.317,30","11.152,20","96,55M","0,53%"
"04.09.2024","11.213,90","11.149,30","11.238,30","11.138,80","110,56M","-0,58%"
"03.09.2024","11.279,20","11.401,10","11.429,40","11.257,50","100,57M","-1,02%"
"02.09.2024","11.395,30","11.395,30","11.422,40","11.337,50","71,11M","-0,06%"
"30.08.2024","11.401,90","11.372,70","11.441,80","11.371,60","199,32M","0,38%"
"29.08.2024","11.358,60","11.334,40","11.398,80","11.326,40","77,35M","0,23%"
"28.08.2024","11.332,00","11.351,20","11.375,50","11.308,10","78,99M","0,05%"
"27.08.2024","11.326,90","11.272,00","11.328,10","11.266,70","96,01M","0,55%"
"26.08.2024","11.265,50","11.261,20","11.301,90","11.239,60","60,32M","-0,11%"
"23.08.2024","11.278,10","11.183,00","11.285,20","11.178,70","76,13M","1,09%"
"22.08.2024","11.156,30","11.110,40","11.207,50","11.107,40","73,24M","0,37%"
"21.08.2024","11.114,90","11.080,80","11.127,20","11.066,30","66,68M","0,24%"
"20.08.2024","11.087,80","11.130,50","11.151,90","11.056,50","68,43M","-0,13%"
"19.08.2024","11.102,50","10.968,80","11.112,40","10.966,90","76,90M","1,40%"
"16.08.2024","10.949,70","10.904,00","10.961,60","10.891,70","68,79M","0,59%"
"15.08.2024","10.885,60","10.786,20","10.889,00","10.744,60","77,13M","1,23%"
"14.08.2024","10.753,00","10.768,80","10.778,00","10.720,00","56,77M","0,27%"
"13.08.2024","10.723,80","10.680,50","10.730,70","10.645,70","67,60M","0,73%"
"12.08.2024","10.646,20","10.681,10","10.714,40","10.611,40","61,52M","0,07%"
"09.08.2024","10.638,50","10.600,50","10.687,70","10.571,40","63,17M","0,76%"
"08.08.2024","10.558,00","10.521,30","10.577,30","10.445,70","78,72M","-0,39%"
"07.08.2024","10.599,00","10.481,00","10.632,60","10.413,70","126,39M","2,01%"
"06.08.2024","10.390,50","10.449,90","10.488,60","10.308,90","133,07M","-0,32%"
"05.08.2024","10.423,40","10.407,60","10.479,50","10.298,70","206,60M","-2,34%"
"02.08.2024","10.672,90","10.763,30","10.841,10","10.641,80","187,82M","-1,67%"
"01.08.2024","10.854,30","11.050,00","11.061,20","10.822,10","134,96M","-1,90%"
"31.07.2024","11.065,00","11.222,70","11.232,90","11.026,80","156,90M","-1,23%"
"30.07.2024","11.202,60","11.131,00","11.226,20","11.123,90","98,25M","0,76%"
"29.07.2024","11.117,80","11.224,40","11.254,20","11.089,70","76,50M","-0,43%"
"26.07.2024","11.165,90","11.102,50","11.177,60","11.068,70","86,56M","0,18%"
"25.07.2024","11.145,60","11.132,70","11.158,10","11.012,00","120,03M","-0,58%"
"24.07.2024","11.210,10","11.170,80","11.245,50","11.154,40","128,81M","-0,02%"
"23.07.2024","11.212,70","11.154,30","11.221,80","11.097,50","101,47M","0,62%"
"22.07.2024","11.143,80","11.146,60","11.201,80","11.103,70","117,99M","0,51%"
"19.07.2024","11.087,50","11.104,50","11.144,60","11.051,10","126,06M","-0,54%"
"18.07.2024","11.147,50","11.142,50","11.221,10","11.124,40","99,68M","0,38%"
"17.07.2024","11.105,20","11.076,90","11.137,30","11.015,80","87,45M","0,13%"
"16.07.2024","11.090,50","11.079,80","11.104,90","11.026,50","86,48M","-0,47%"
"15.07.2024","11.143,00","11.225,00","11.225,90","11.143,00","82,09M","-0,96%"
"12.07.2024","11.250,60","11.192,80","11.264,80","11.178,60","86,44M","0,72%"
"11.07.2024","11.170,00","11.112,80","11.195,80","11.048,60","111,90M","0,89%"
"10.07.2024","11.071,60","10.927,00","11.071,60","10.902,20","109,69M","1,59%"
"09.07.2024","10.898,80","10.991,00","10.992,90","10.876,80","104,09M","-1,12%"
"08.07.2024","11.022,10","11.002,40","11.108,00","10.977,70","126,98M","-0,01%"
"05.07.2024","11.023,50","11.081,00","11.100,90","10.957,40","92,71M","-0,39%"
"04.07.2024","11.066,30","11.015,10","11.074,20","11.014,20","89,57M","0,09%"
"03.07.2024","11.056,80","10.974,60","11.061,40","10.945,20","102,60M","1,32%"
"02.07.2024","10.912,80","10.980,70","10.984,10","10.837,40","108,68M","-1,30%"
"01.07.2024","11.057,00","11.086,10","11.141,20","11.010,90","115,36M","1,04%"
"28.06.2024","10.943,70","10.989,20","11.000,20","10.913,00","119,33M","-0,07%"
"27.06.2024","10.951,50","11.014,00","11.018,90","10.930,90","100,88M","-0,72%"
"26.06.2024","11.030,50","11.154,00","11.170,80","10.985,80","98,07M","-0,80%"
"25.06.2024","11.118,90","11.190,20","11.190,40","11.068,70","94,46M","-0,48%"
"24.06.2024","11.172,10","11.051,10","11.182,60","11.040,10","98,20M","1,27%"
"21.06.2024","11.032,30","11.160,50","11.161,60","10.969,20","271,06M","-1,15%"
"20.06.2024","11.160,50","11.067,60","11.166,40","11.041,50","93,10M","0,94%"
"19.06.2024","11.056,40","11.073,50","11.095,40","11.033,20","103,71M","-0,10%"
"18.06.2024","11.067,70","11.008,90","11.071,10","10.955,80","104,53M","0,99%"
"17.06.2024","10.959,50","11.041,30","11.082,60","10.881,50","117,34M","-0,30%"
"14.06.2024","10.992,30","11.063,00","11.078,10","10.874,10","214,02M","-0,67%"
"13.06.2024","11.066,10","11.213,90","11.241,20","11.049,10","150,31M","-1,59%"
"12.06.2024","11.245,40","11.209,90","11.273,90","11.167,00","138,54M","0,63%"
"11.06.2024","11.175,50","11.376,50","11.378,20","11.113,60","132,15M","-1,60%"
"10.06.2024","11.357,20","11.374,60","11.375,30","11.286,90","104,80M","-0,42%"
"07.06.2024","11.404,90","11.448,20","11.469,90","11.350,70","119,98M","-0,34%"
"06.06.2024","11.444,00","11.386,00","11.450,90","11.357,70","108,48M","0,80%"
"05.06.2024","11.353,10","11.380,30","11.412,40","11.323,60","119,49M","0,59%"
"04.06.2024","11.286,40","11.385,80","11.402,20","11.213,20","198,26M","-0,97%"
"03.06.2024","11.397,20","11.408,40","11.452,90","11.378,00","128,80M","0,66%"
"31.05.2024","11.322,00","11.353,00","11.361,20","11.278,60","714,44M","-0,14%"
"30.05.2024","11.338,20","11.126,50","11.350,90","11.125,30","127,54M","1,73%"
"29.05.2024","11.145,10","11.239,70","11.260,90","11.135,00","121,73M","-1,16%"
"28.05.2024","11.276,00","11.337,90","11.355,10","11.240,00","96,44M","-0,44%"
"27.05.2024","11.325,50","11.260,00","11.325,50","11.248,90","69,18M","0,71%"
"24.05.2024","11.246,00","11.235,90","11.261,60","11.169,20","110,21M","-0,58%"
"23.05.2024","11.311,10","11.332,80","11.360,20","11.277,00","109,14M","-0,16%"
"22.05.2024","11.329,00","11.323,70","11.354,10","11.268,40","123,19M","-0,05%"
"21.05.2024","11.334,90","11.328,20","11.371,30","11.291,50","123,35M","-0,04%"
"20.05.2024","11.339,50","11.332,60","11.371,50","11.312,50","90,52M","0,10%"
"17.05.2024","11.327,70","11.256,00","11.343,00","11.246,60","143,70M","0,25%"
"16.05.2024","11.299,30","11.377,00","11.385,70","11.293,40","141,06M","-0,56%"
"15.05.2024","11.362,80","11.260,90","11.377,10","11.260,30","159,47M","1,10%"
"14.05.2024","11.239,30","11.179,30","11.246,30","11.138,40","137,10M","0,78%"
"13.05.2024","11.152,00","11.104,80","11.152,00","11.073,90","106,34M","0,42%"
"10.05.2024","11.105,50","11.045,70","11.137,70","11.045,10","155,65M","0,50%"
"09.05.2024","11.050,10","11.104,90","11.121,90","11.004,90","212,33M","-0,92%"
"08.05.2024","11.153,00","11.106,00","11.160,00","11.076,10","206,76M","0,65%"
"07.05.2024","11.080,90","10.971,30","11.089,80","10.958,00","206,44M","1,50%"
"06.05.2024","10.917,50","10.878,90","10.945,70","10.847,10","142,16M","0,58%"
"03.05.2024","10.854,70","10.904,90","10.953,30","10.820,50","204,83M","-0,16%"
"02.05.2024","10.872,00","10.854,30","10.920,10","10.845,80","254,70M","0,16%"
"30.04.2024","10.854,40","11.058,30","11.089,80","10.839,40","314,56M","-2,22%"
"29.04.2024","11.100,80","11.181,40","11.228,30","11.057,80","201,55M","-0,48%"
"26.04.2024","11.154,60","11.048,50","11.168,70","11.037,00","188,58M","1,56%"
"25.04.2024","10.983,70","11.048,30","11.095,00","10.887,40","306,29M","-0,40%"
"24.04.2024","11.027,80","11.104,30","11.110,00","11.005,00","138,50M","-0,43%"
"23.04.2024","11.075,40","10.929,40","11.080,00","10.924,30","156,01M","1,70%"
"22.04.2024","10.890,20","10.806,80","10.895,80","10.783,90","140,90M","1,50%"
"19.04.2024","10.729,50","10.681,20","10.747,10","10.611,90","204,55M","-0,33%"
"18.04.2024","10.765,00","10.695,00","10.776,30","10.686,20","164,34M","1,23%"
"17.04.2024","10.633,90","10.531,30","10.704,20","10.530,00","120,12M","1,02%"
"16.04.2024","10.526,90","10.561,40","10.605,50","10.499,20","169,50M","-1,50%"
"15.04.2024","10.687,20","10.670,70","10.750,20","10.660,20","144,07M","0,01%"
"12.04.2024","10.686,00","10.706,50","10.781,60","10.660,70","154,05M","0,34%"
"11.04.2024","10.649,80","10.762,60","10.782,60","10.591,40","183,04M","-1,16%"
"10.04.2024","10.775,00","10.868,20","10.879,20","10.697,40","149,23M","-0,38%"
"09.04.2024","10.816,00","10.909,00","10.909,10","10.809,50","139,50M","-0,88%"
"08.04.2024","10.911,80","10.863,10","10.932,30","10.846,00","125,83M","-0,04%"
"05.04.2024","10.916,00","10.964,30","11.000,20","10.879,90","198,55M","-1,58%"
"04.04.2024","11.090,90","11.045,30","11.111,20","11.042,00","167,47M","0,53%"
"03.04.2024","11.032,30","10.983,40","11.052,80","10.959,40","143,75M","0,52%"
"02.04.2024","10.975,60","11.037,40","11.095,50","10.953,90","157,05M","-0,89%"
"29.03.2024","11.074,60","11.071,00","11.105,60","11.057,40","182,53M","0,00%"
"28.03.2024","11.074,60","11.071,00","11.105,60","11.057,40","182,53M","-0,33%"
"27.03.2024","11.111,30","11.001,00","11.140,10","11.000,80","181,42M","1,09%"
"26.03.2024","10.991,50","10.962,10","11.008,50","10.950,20","139,64M","0,36%"
"25.03.2024","10.952,20","10.917,10","10.986,00","10.911,50","131,50M","0,08%"
"22.03.2024","10.943,20","10.857,30","10.963,90","10.846,70","170,40M","0,70%"
"21.03.2024","10.867,50","10.821,40","10.931,70","10.817,90","186,54M","1,07%"
"20.03.2024","10.752,50","10.700,60","10.752,50","10.680,30","142,72M","0,48%"
"19.03.2024","10.701,40","10.602,90","10.711,60","10.589,80","138,36M","0,99%"
"18.03.2024","10.596,70","10.602,90","10.657,00","10.576,60","145,58M","-0,01%"
"15.03.2024","10.597,90","10.491,90","10.640,80","10.489,70","487,58M","1,02%"
"14.03.2024","10.490,50","10.561,70","10.606,90","10.476,50","160,55M","-0,66%"
"13.03.2024","10.560,50","10.435,50","10.594,10","10.431,80","169,50M","1,65%"
"12.03.2024","10.388,90","10.355,90","10.403,20","10.342,90","185,34M","0,61%"
"11.03.2024","10.325,70","10.275,90","10.330,90","10.268,90","149,09M","0,19%"
"08.03.2024","10.305,70","10.330,60","10.366,90","10.304,20","168,06M","-0,13%"
"07.03.2024","10.319,60","10.167,10","10.359,20","10.164,80","202,03M","1,20%"
"06.03.2024","10.197,20","10.114,00","10.246,20","10.105,50","182,07M","0,79%"
"05.03.2024","10.117,10","10.060,50","10.121,70","10.032,10","132,43M","0,47%"
"04.03.2024","10.069,80","10.071,00","10.084,50","10.035,60","125,10M","0,05%"
"01.03.2024","10.064,70","10.014,50","10.108,00","10.008,80","172,08M","0,63%"
"29.02.2024","10.001,30","10.054,40","10.095,70","10.001,00","340,77M","-0,67%"
"28.02.2024","10.068,60","10.099,20","10.127,10","10.028,90","128,59M","-0,45%"
"27.02.2024","10.113,80","10.113,50","10.125,30","10.058,40","110,77M","-0,24%"
"26.02.2024","10.138,40","10.126,20","10.157,30","10.102,50","104,52M","0,08%"
"23.02.2024","10.130,60","10.123,50","10.136,70","10.064,30","108,88M","-0,08%"
"22.02.2024","10.138,90","10.174,90","10.196,40","10.120,90","155,63M","0,31%"
"21.02.2024","10.107,20","10.051,20","10.127,30","10.031,50","105,19M","0,69%"
"20.02.2024","10.038,20","9.941,70","10.048,30","9.926,50","118,74M","0,94%"
"19.02.2024","9.944,80","9.885,00","9.954,80","9.878,30","87,43M","0,59%"
"16.02.2024","9.886,40","9.977,40","9.978,40","9.841,60","126,33M","-0,41%"
"15.02.2024","9.927,30","9.955,00","9.963,90","9.861,20","113,53M","0,11%"
"14.02.2024","9.916,60","9.923,70","9.991,50","9.913,30","119,51M","-0,09%"
"13.02.2024","9.925,40","9.986,80","10.004,10","9.908,20","131,00M","-0,59%"
"12.02.2024","9.984,70","9.939,10","9.987,00","9.929,30","95,62M","0,89%"
"09.02.2024","9.896,60","9.907,30","9.921,40","9.857,40","153,14M","-0,09%"
"08.02.2024","9.905,40","9.913,10","9.952,40","9.899,40","110,77M","0,17%"
"07.02.2024","9.888,20","9.977,80","9.985,90","9.871,60","154,16M","-1,15%"
"06.02.2024","10.003,00","9.988,20","10.013,60","9.941,60","148,02M","0,62%"
"05.02.2024","9.941,30","10.047,40","10.083,10","9.928,60","187,04M","-1,20%"
"02.02.2024","10.062,50","10.087,60","10.132,80","10.033,70","161,36M","0,48%"
"01.02.2024","10.014,00","10.034,00","10.149,60","9.986,40","208,76M","-0,63%"
"31.01.2024","10.077,70","10.064,80","10.128,00","10.042,80","171,87M","0,38%"
"30.01.2024","10.039,30","9.906,50","10.050,70","9.888,40","139,74M","1,51%"
"29.01.2024","9.890,30","9.939,50","9.944,00","9.864,20","112,77M","-0,47%"
"26.01.2024","9.936,60","9.918,00","9.973,00","9.910,10","107,71M","0,20%"
"25.01.2024","9.916,60","9.941,70","9.941,70","9.863,80","162,81M","-0,58%"
"24.01.2024","9.974,00","9.899,20","9.974,00","9.892,80","126,37M","1,16%"
"23.01.2024","9.859,20","9.984,30","10.000,60","9.845,10","119,17M","-1,09%"
"22.01.2024","9.968,10","9.915,40","9.980,80","9.903,20","105,12M","1,11%"
"19.01.2024","9.858,30","9.918,60","9.931,00","9.823,70","146,59M","-0,22%"
"18.01.2024","9.880,30","9.877,50","9.901,50","9.798,80","134,13M","0,13%"
"17.01.2024","9.867,80","9.914,00","9.916,80","9.826,60","133,88M","-1,26%"
"16.01.2024","9.994,10","10.021,40","10.024,30","9.955,00","138,28M","-0,82%"
"15.01.2024","10.076,90","10.119,30","10.135,30","10.048,60","87,93M","-0,18%"
"12.01.2024","10.094,80","10.024,40","10.134,70","10.023,80","134,25M","0,90%"
"11.01.2024","10.004,90","10.110,40","10.151,80","10.004,90","134,22M","-0,62%"
"10.01.2024","10.067,10","10.052,70","10.079,80","10.017,80","136,82M","0,07%"
"09.01.2024","10.060,30","10.158,00","10.181,90","9.994,00","157,19M","-1,46%"
"08.01.2024","10.209,00","10.142,30","10.209,00","10.079,30","110,11M","0,44%"
"05.01.2024","10.164,50","10.128,50","10.192,00","10.061,20","145,04M","-0,18%"
"04.01.2024","10.182,40","10.070,00","10.190,80","10.067,50","110,89M","1,28%"
"03.01.2024","10.053,40","10.183,20","10.209,80","10.038,10","136,61M","-1,26%"
"02.01.2024","10.182,10","10.161,30","10.287,90","10.122,40","137,05M","0,79%"
"29.12.2023","10.102,10","10.092,20","10.143,60","10.090,90","101,94M","0,16%"
"28.12.2023","10.086,20","10.124,00","10.136,30","10.074,60","95,15M","-0,35%"
"27.12.2023","10.121,80","10.096,10","10.146,80","10.077,90","130,95M","0,10%"
"26.12.2023","10.111,90","10.094,20","10.143,10","10.081,00","91,97M","0,00%"
"25.12.2023","10.111,90","10.094,20","10.143,10","10.081,00","91,97M","0,00%"
"22.12.2023","10.111,90","10.094,20","10.143,10","10.081,00","91,97M","0,08%"
"21.12.2023","10.104,30","10.068,60","10.108,50","10.063,30","84,14M","0,03%"
"20.12.2023","10.101,00","10.151,20","10.158,20","10.037,50","146,80M","-0,06%"
"19.12.2023","10.106,70","10.054,10","10.123,10","10.023,80","115,24M","0,52%"
"18.12.2023","10.054,90","10.064,40","10.125,80","10.039,30","134,02M","-0,40%"
"15.12.2023","10.095,60","10.194,90","10.200,80","10.050,70","330,24M","-0,75%"
"14.12.2023","10.171,70","10.224,60","10.257,80","10.124,10","255,85M","0,75%"
"13.12.2023","10.096,10","10.116,00","10.158,70","10.077,00","142,96M","-0,22%"
"12.12.2023","10.118,70","10.184,10","10.198,40","10.111,40","145,12M","-0,78%"
"11.12.2023","10.198,00","10.220,10","10.226,60","10.178,20","140,39M","-0,25%"
"08.12.2023","10.223,40","10.155,10","10.229,20","10.139,40","139,11M","0,76%"
"07.12.2023","10.146,00","10.225,40","10.246,70","10.113,90","210,70M","-1,09%"
"06.12.2023","10.258,10","10.266,10","10.301,30","10.229,70","134,30M","0,19%"
"05.12.2023","10.238,40","10.177,00","10.262,90","10.166,10","137,17M","0,59%"
"04.12.2023","10.178,30","10.139,10","10.201,70","10.135,80","105,50M","0,37%"
"01.12.2023","10.140,80","10.084,50","10.140,80","10.080,90","117,75M","0,82%"
"30.11.2023","10.058,20","10.082,40","10.103,80","10.053,80","252,84M","-0,04%"
"29.11.2023","10.062,60","10.027,70","10.097,90","10.018,40","129,37M","0,59%"
"28.11.2023","10.003,40","9.924,60","10.014,30","9.919,50","118,65M","0,68%"
"27.11.2023","9.936,10","9.925,90","9.983,90","9.925,80","112,10M","-0,03%"
"24.11.2023","9.939,00","9.907,90","9.957,30","9.901,90","93,31M","0,34%"
"23.11.2023","9.905,50","9.891,00","9.921,10","9.873,90","111,60M","0,18%"
"22.11.2023","9.887,40","9.853,40","9.897,20","9.847,10","125,07M","0,61%"
"21.11.2023","9.827,50","9.830,40","9.858,40","9.801,70","141,83M","-0,12%"
"20.11.2023","9.839,00","9.760,90","9.857,00","9.759,70","144,06M","0,79%"
"17.11.2023","9.761,40","9.696,80","9.774,70","9.693,60","249,66M","0,97%"
"16.11.2023","9.667,40","9.654,60","9.710,40","9.652,50","132,37M","0,28%"
"15.11.2023","9.640,70","9.634,50","9.684,90","9.604,00","161,16M","0,18%"
"14.11.2023","9.623,30","9.489,30","9.636,60","9.471,80","171,92M","1,71%"
"13.11.2023","9.461,70","9.415,90","9.463,30","9.401,00","142,30M","0,96%"
"10.11.2023","9.371,70","9.364,50","9.415,20","9.329,30","122,58M","-0,36%"
"09.11.2023","9.405,20","9.293,20","9.420,20","9.291,20","133,34M","1,31%"
"08.11.2023","9.283,80","9.203,60","9.326,50","9.200,30","146,54M","0,52%"
"07.11.2023","9.235,90","9.209,20","9.279,80","9.201,30","113,90M","-0,06%"
"06.11.2023","9.241,50","9.297,40","9.313,60","9.224,70","114,37M","-0,56%"
"03.11.2023","9.293,90","9.294,70","9.339,80","9.249,60","152,57M","0,36%"
"02.11.2023","9.260,40","9.122,20","9.278,10","9.101,90","152,58M","2,04%"
"01.11.2023","9.075,00","9.039,90","9.093,30","8.999,80","121,70M","0,64%"
"31.10.2023","9.017,30","8.980,10","9.084,90","8.959,60","189,06M","0,04%"
"30.10.2023","9.013,90","8.953,90","9.048,40","8.945,90","164,43M","1,07%"
"27.10.2023","8.918,30","9.016,10","9.037,30","8.904,10","178,44M","-0,50%"
"26.10.2023","8.962,80","8.924,00","8.978,50","8.879,30","164,23M","-0,24%"
"25.10.2023","8.984,80","8.960,70","9.000,80","8.898,00","149,18M","0,10%"
"24.10.2023","8.975,80","9.004,00","9.029,00","8.950,80","162,19M","-0,22%"
"23.10.2023","8.995,50","9.028,90","9.037,00","8.920,70","139,16M","-0,37%"
"20.10.2023","9.029,10","9.065,50","9.098,30","9.021,80","230,89M","-1,29%"
"19.10.2023","9.146,80","9.175,80","9.189,70","9.101,10","143,37M","-0,72%"
"18.10.2023","9.212,70","9.278,50","9.305,70","9.202,50","108,13M","-0,92%"
"17.10.2023","9.298,50","9.264,80","9.323,40","9.219,50","79,83M","0,12%"
"16.10.2023","9.287,10","9.244,30","9.306,00","9.174,20","105,25M","0,59%"
"13.10.2023","9.232,90","9.316,20","9.363,40","9.223,80","143,09M","-1,10%"
"12.10.2023","9.336,00","9.403,10","9.434,50","9.322,00","94,38M","-0,26%"
"11.10.2023","9.360,40","9.302,00","9.381,70","9.297,50","108,81M","0,09%"
"10.10.2023","9.352,10","9.220,30","9.371,90","9.217,90","129,14M","2,19%"
"09.10.2023","9.151,30","9.180,60","9.223,00","9.111,80","135,29M","-0,91%"
"06.10.2023","9.235,80","9.180,90","9.235,80","9.110,40","122,39M","0,85%"
"05.10.2023","9.157,70","9.157,70","9.193,30","9.096,00","114,92M","0,60%"
"04.10.2023","9.102,90","9.136,50","9.186,40","9.077,60","139,57M","-0,68%"
"03.10.2023","9.165,50","9.283,50","9.369,60","9.164,00","142,88M","-1,65%"
"02.10.2023","9.319,00","9.448,40","9.495,10","9.299,40","157,52M","-1,16%"
"29.09.2023","9.428,00","9.458,70","9.508,30","9.423,00","139,26M","0,01%"
"28.09.2023","9.426,80","9.343,80","9.442,30","9.311,50","171,53M","1,02%"
"27.09.2023","9.331,90","9.363,50","9.420,90","9.311,80","106,34M","-0,37%"
"26.09.2023","9.366,90","9.326,80","9.405,40","9.307,10","121,93M","-0,20%"
"25.09.2023","9.386,00","9.468,80","9.523,90","9.337,70","107,47M","-1,22%"
"22.09.2023","9.502,00","9.496,10","9.542,60","9.477,00","100,12M","-0,49%"
"21.09.2023","9.548,90","9.585,60","9.606,80","9.475,20","120,72M","-1,00%"
"20.09.2023","9.645,80","9.550,20","9.672,20","9.539,10","125,81M","1,24%"
"19.09.2023","9.527,20","9.460,50","9.550,10","9.458,50","88,18M","0,48%"
"18.09.2023","9.482,10","9.538,40","9.553,90","9.455,30","109,94M","-0,71%"
"15.09.2023","9.549,70","9.605,60","9.642,00","9.524,70","348,28M","0,01%"
"14.09.2023","9.549,00","9.422,40","9.563,10","9.380,00","134,00M","1,33%"
"13.09.2023","9.424,10","9.437,00","9.448,30","9.330,60","105,25M","-0,33%"
"12.09.2023","9.455,40","9.454,90","9.501,70","9.448,00","107,66M","0,21%"
"11.09.2023","9.435,20","9.403,40","9.457,90","9.367,30","85,73M","0,75%"
"08.09.2023","9.364,60","9.358,20","9.372,30","9.238,50","92,06M","0,59%"
"07.09.2023","9.310,00","9.288,80","9.379,90","9.277,80","112,16M","-0,05%"
"06.09.2023","9.314,40","9.380,50","9.382,00","9.289,30","139,46M","-0,83%"
"05.09.2023","9.392,00","9.397,90","9.449,60","9.353,20","87,07M","-0,26%"
"04.09.2023","9.416,30","9.486,70","9.515,00","9.396,20","69,16M","-0,35%"
"01.09.2023","9.449,60","9.513,90","9.552,90","9.449,60","108,27M","-0,59%"
"31.08.2023","9.505,90","9.557,90","9.606,20","9.505,90","212,30M","-0,47%"
"30.08.2023","9.551,10","9.595,90","9.614,70","9.531,90","99,87M","-0,31%"
"29.08.2023","9.581,20","9.513,30","9.592,70","9.491,10","106,62M","0,96%"
"28.08.2023","9.490,10","9.398,10","9.524,90","9.397,70","73,88M","1,62%"
"25.08.2023","9.338,90","9.308,70","9.414,20","9.304,40","75,15M","0,15%"
"24.08.2023","9.324,70","9.385,90","9.415,50","9.321,50","67,80M","0,10%"
"23.08.2023","9.315,60","9.333,80","9.395,40","9.292,10","74,92M","0,02%"
"22.08.2023","9.314,00","9.310,70","9.370,70","9.302,90","66,06M","0,55%"
"21.08.2023","9.262,80","9.268,60","9.367,60","9.239,40","72,51M","-0,05%"
"18.08.2023","9.267,70","9.250,00","9.273,80","9.192,70","93,68M","-0,11%"
"17.08.2023","9.278,00","9.312,80","9.356,40","9.270,30","83,01M","-0,78%"
"16.08.2023","9.350,50","9.318,10","9.404,00","9.313,20","60,76M","0,03%"
"15.08.2023","9.347,50","9.427,50","9.435,10","9.305,90","63,98M","-0,87%"
"14.08.2023","9.429,60","9.423,70","9.471,70","9.399,60","71,42M","-0,05%"
"11.08.2023","9.434,30","9.476,70","9.493,90","9.415,40","80,02M","-0,71%"
"10.08.2023","9.502,20","9.404,80","9.522,90","9.396,70","109,20M","1,58%"
"09.08.2023","9.354,40","9.403,50","9.420,80","9.334,30","88,36M","0,57%"
"08.08.2023","9.301,80","9.292,10","9.361,30","9.213,60","136,46M","-0,61%"
"07.08.2023","9.358,60","9.346,10","9.369,40","9.273,50","80,69M","-0,10%"
"04.08.2023","9.368,40","9.333,90","9.377,60","9.278,90","111,01M","0,66%"
"03.08.2023","9.307,10","9.291,00","9.341,90","9.244,30","139,65M","-0,23%"
"02.08.2023","9.328,70","9.409,50","9.424,40","9.311,00","223,09M","-1,83%"
"01.08.2023","9.502,90","9.639,90","9.657,20","9.491,70","136,37M","-1,44%"
"31.07.2023","9.641,50","9.675,90","9.688,30","9.641,50","160,13M","-0,45%"
"28.07.2023","9.685,10","9.682,20","9.741,90","9.674,10","222,14M","-0,10%"
"27.07.2023","9.694,70","9.646,30","9.715,10","9.611,80","203,88M","0,98%"
"26.07.2023","9.600,50","9.515,90","9.604,10","9.489,60","164,64M","0,85%"
"25.07.2023","9.519,20","9.534,00","9.542,80","9.497,80","86,43M","-0,25%"
"24.07.2023","9.543,50","9.417,00","9.543,50","9.401,00","121,34M","-0,29%"
"21.07.2023","9.571,50","9.521,00","9.571,50","9.481,20","114,90M","0,55%"
"20.07.2023","9.519,60","9.445,10","9.539,50","9.444,00","108,48M","0,72%"
"19.07.2023","9.451,80","9.482,80","9.532,40","9.433,10","92,23M","-0,04%"
"18.07.2023","9.455,70","9.446,50","9.471,80","9.388,90","88,49M","0,19%"
"17.07.2023","9.438,00","9.414,90","9.483,30","9.402,60","77,44M","0,00%"
"14.07.2023","9.438,30","9.468,90","9.507,20","9.437,80","105,13M","-0,43%"
"13.07.2023","9.478,70","9.459,10","9.523,60","9.444,80","118,16M","0,26%"
"12.07.2023","9.453,70","9.356,50","9.464,80","9.344,60","155,44M","1,31%"
"11.07.2023","9.331,10","9.295,80","9.333,70","9.226,70","100,28M","0,85%"
"10.07.2023","9.252,90","9.210,50","9.282,50","9.183,00","91,45M","0,04%"
"07.07.2023","9.248,80","9.246,90","9.258,60","9.169,80","114,92M","-0,39%"
"06.07.2023","9.285,00","9.384,60","9.435,90","9.261,20","142,18M","-2,12%"
"05.07.2023","9.486,30","9.541,70","9.567,90","9.470,70","116,02M","-1,06%"
"04.07.2023","9.588,40","9.635,00","9.649,80","9.580,90","97,86M","-0,58%"
"03.07.2023","9.644,80","9.604,30","9.658,60","9.598,60","119,15M","0,54%"
"30.06.2023","9.593,00","9.541,40","9.642,30","9.534,60","172,93M","0,87%"
"29.06.2023","9.510,60","9.486,20","9.524,10","9.479,00","103,48M","0,31%"
"28.06.2023","9.481,30","9.421,00","9.489,70","9.414,00","126,19M","0,94%"
"27.06.2023","9.393,00","9.309,20","9.399,50","9.287,30","120,55M","1,28%"
"26.06.2023","9.274,00","9.283,10","9.306,90","9.198,70","110,99M","0,09%"
"23.06.2023","9.265,80","9.305,60","9.334,10","9.239,70","124,53M","-1,06%"
"22.06.2023","9.364,70","9.365,50","9.365,90","9.284,20","108,51M","-0,76%"
"21.06.2023","9.436,40","9.431,20","9.463,50","9.415,30","101,63M","-0,04%"
"20.06.2023","9.439,80","9.418,30","9.469,10","9.401,00","87,72M","0,08%"
"19.06.2023","9.431,90","9.457,80","9.503,20","9.412,10","87,89M","-0,66%"
"16.06.2023","9.495,00","9.465,00","9.580,80","9.428,50","384,18M","0,68%"
"15.06.2023","9.430,80","9.404,10","9.453,70","9.389,30","123,38M","-0,02%"
"14.06.2023","9.432,80","9.333,70","9.468,10","9.315,90","155,57M","1,06%"
"13.06.2023","9.333,70","9.357,70","9.357,70","9.261,10","121,83M","-0,11%"
"12.06.2023","9.344,40","9.345,90","9.382,10","9.328,50","95,66M","0,37%"
"09.06.2023","9.309,70","9.345,70","9.370,40","9.288,60","84,88M","-0,31%"
"08.06.2023","9.338,30","9.358,70","9.427,60","9.331,70","109,45M","-0,23%"
"07.06.2023","9.359,80","9.296,30","9.401,80","9.294,90","100,91M","0,53%"
"06.06.2023","9.310,80","9.266,00","9.310,80","9.242,30","94,77M","0,23%"
"05.06.2023","9.289,10","9.352,00","9.382,40","9.276,10","102,11M","-0,30%"
"02.06.2023","9.317,30","9.216,20","9.324,80","9.204,20","132,60M","1,63%"
"01.06.2023","9.167,50","9.130,30","9.181,60","9.105,90","109,88M","1,30%"
"31.05.2023","9.050,20","9.096,50","9.183,40","9.034,90","401,51M","-1,28%"
"30.05.2023","9.167,50","9.189,00","9.248,30","9.156,00","111,50M","-0,14%"
"29.05.2023","9.180,10","9.263,10","9.271,10","9.146,60","59,24M","-0,12%"
"26.05.2023","9.191,10","9.137,80","9.210,90","9.048,20","99,20M","0,82%"
"25.05.2023","9.116,10","9.169,50","9.188,10","9.116,10","123,79M","-0,52%"
"24.05.2023","9.163,50","9.191,30","9.193,20","9.128,80","108,84M","-1,12%"
"23.05.2023","9.267,00","9.304,50","9.305,00","9.260,10","82,29M","-0,41%"
"22.05.2023","9.305,00","9.242,80","9.326,60","9.241,90","96,21M","0,58%"
"19.05.2023","9.251,50","9.247,20","9.309,40","9.222,90","127,28M","0,42%"
"18.05.2023","9.213,10","9.247,30","9.282,20","9.202,00","105,20M","0,02%"
"17.05.2023","9.211,60","9.148,20","9.218,60","9.125,70","110,93M","0,22%"
"16.05.2023","9.191,40","9.181,00","9.241,90","9.174,90","91,13M","-0,11%"
"15.05.2023","9.201,50","9.269,30","9.279,50","9.162,30","92,02M","-0,35%"
"12.05.2023","9.234,10","9.218,00","9.276,90","9.213,90","106,39M","0,56%"
"11.05.2023","9.182,80","9.175,40","9.215,10","9.118,00","139,07M","0,16%"
"10.05.2023","9.167,70","9.219,40","9.223,30","9.143,80","103,62M","-0,17%"
"09.05.2023","9.183,20","9.202,30","9.219,50","9.130,20","113,46M","-0,31%"
"08.05.2023","9.211,30","9.162,20","9.221,80","9.157,90","81,67M","0,70%"
"05.05.2023","9.147,30","9.097,30","9.147,30","9.047,70","144,36M","1,15%"
"04.05.2023","9.043,60","9.050,60","9.056,60","8.967,30","150,28M","-0,36%"
"03.05.2023","9.076,70","9.118,40","9.132,20","9.035,10","136,59M","-0,06%"
"02.05.2023","9.082,00","9.248,20","9.264,90","9.069,10","172,43M","-1,72%"
"28.04.2023","9.241,00","9.334,60","9.338,90","9.159,80","233,88M","-0,79%"
"27.04.2023","9.314,60","9.255,10","9.334,20","9.226,40","128,41M","0,22%"
"26.04.2023","9.293,70","9.259,50","9.297,70","9.193,50","165,80M","0,04%"
"25.04.2023","9.290,30","9.349,50","9.352,10","9.267,60","167,26M","-1,23%"
"24.04.2023","9.406,40","9.382,50","9.433,90","9.362,90","99,65M","-0,10%"
"21.04.2023","9.415,60","9.434,10","9.436,60","9.366,30","205,59M","-0,37%"
"20.04.2023","9.450,90","9.505,50","9.540,50","9.425,00","153,37M","-0,46%"
"19.04.2023","9.494,80","9.416,40","9.498,70","9.405,40","117,66M","0,77%"
"18.04.2023","9.421,90","9.409,40","9.445,40","9.381,50","143,02M","0,46%"
"17.04.2023","9.378,50","9.387,40","9.413,40","9.361,00","154,77M","0,17%"
"14.04.2023","9.362,90","9.337,50","9.375,40","9.313,20","152,45M","0,57%"
"13.04.2023","9.310,00","9.284,10","9.320,20","9.238,70","109,72M","0,34%"
"12.04.2023","9.278,70","9.258,80","9.324,60","9.253,60","130,92M","0,44%"
"11.04.2023","9.237,70","9.352,50","9.378,40","9.227,10","154,54M","-0,80%"
"06.04.2023","9.312,30","9.249,50","9.323,50","9.232,60","128,32M","0,62%"
"05.04.2023","9.254,60","9.202,80","9.254,60","9.196,50","140,13M","0,78%"
"04.04.2023","9.183,20","9.174,10","9.257,50","9.168,50","120,08M","0,28%"
"03.04.2023","9.157,40","9.214,60","9.233,50","9.135,50","129,26M","-0,81%"
"31.03.2023","9.232,50","9.234,10","9.254,50","9.183,80","178,94M","0,28%"
"30.03.2023","9.207,10","9.137,00","9.226,40","9.131,20","149,63M","1,50%"
"29.03.2023","9.070,70","8.985,80","9.075,30","8.962,40","131,05M","1,41%"
"28.03.2023","8.944,30","8.985,20","9.019,10","8.911,00","153,71M","0,43%"
"27.03.2023","8.906,10","8.897,60","8.935,70","8.839,80","187,28M","1,29%"
"24.03.2023","8.792,50","8.931,00","8.933,00","8.703,30","289,52M","-1,98%"
"23.03.2023","8.970,00","8.967,70","9.027,70","8.921,60","155,23M","-0,44%"
"22.03.2023","9.009,30","9.037,40","9.100,20","9.001,70","197,22M","-0,44%"
"21.03.2023","9.049,40","8.928,40","9.085,40","8.918,80","248,78M","2,45%"
"20.03.2023","8.833,10","8.668,70","8.875,30","8.501,20","359,82M","1,31%"
"17.03.2023","8.719,30","8.934,70","9.027,40","8.655,30","477,66M","-1,92%"
"16.03.2023","8.890,20","8.927,50","8.984,60","8.731,00","324,58M","1,50%"
"15.03.2023","8.759,10","9.161,80","9.169,70","8.736,50","422,53M","-4,37%"
"14.03.2023","9.159,00","8.936,00","9.181,00","8.914,60","300,03M","2,23%"
"13.03.2023","8.958,90","9.272,30","9.273,60","8.894,50","426,52M","-3,51%"
"10.03.2023","9.285,00","9.246,60","9.296,50","9.182,70","279,92M","-1,47%"
"09.03.2023","9.423,20","9.454,90","9.457,40","9.388,90","116,72M","-0,45%"
"08.03.2023","9.466,10","9.387,00","9.480,90","9.369,40","123,51M","0,58%"
"07.03.2023","9.411,10","9.503,10","9.528,30","9.408,50","159,20M","-1,05%"
"06.03.2023","9.511,00","9.498,80","9.524,60","9.441,80","145,46M","0,49%"
"03.03.2023","9.464,20","9.358,60","9.472,20","9.357,00","161,26M","1,47%"
"02.03.2023","9.327,30","9.293,00","9.336,20","9.246,10","157,35M","0,05%"
"01.03.2023","9.322,90","9.420,90","9.453,80","9.307,40","187,24M","-0,76%"
"28.02.2023","9.394,60","9.304,20","9.442,80","9.279,60","306,11M","0,86%"
"27.02.2023","9.314,30","9.252,00","9.351,70","9.250,50","150,06M","1,23%"
"24.02.2023","9.201,50","9.256,60","9.314,50","9.194,40","254,03M","-0,33%"
"23.02.2023","9.231,60","9.184,30","9.253,90","9.179,50","144,01M","0,64%"
"22.02.2023","9.172,70","9.219,10","9.222,60","9.118,50","154,73M","-0,86%"
"21.02.2023","9.252,10","9.254,50","9.286,10","9.195,90","116,05M","-0,31%"
"20.02.2023","9.281,30","9.352,70","9.369,10","9.273,90","101,22M","-0,55%"
"17.02.2023","9.333,00","9.275,10","9.363,10","9.240,80","168,39M","0,06%"
"16.02.2023","9.327,30","9.338,20","9.362,80","9.291,40","170,12M","0,35%"
"15.02.2023","9.294,80","9.272,30","9.313,50","9.258,70","124,53M","0,34%"
"14.02.2023","9.263,20","9.234,80","9.311,60","9.231,50","153,03M","0,57%"
"13.02.2023","9.210,30","9.135,10","9.217,20","9.120,70","108,84M","1,02%"
"10.02.2023","9.117,40","9.213,80","9.214,50","9.069,60","179,66M","-1,36%"
"09.02.2023","9.243,50","9.270,60","9.296,30","9.243,50","142,05M","0,18%"
"08.02.2023","9.227,30","9.224,00","9.277,70","9.200,00","181,82M","0,60%"
"07.02.2023","9.172,40","9.165,90","9.204,30","9.149,80","145,45M","0,14%"
"06.02.2023","9.159,20","9.175,50","9.198,60","9.124,80","148,03M","-0,72%"
"03.02.2023","9.225,60","9.213,90","9.248,50","9.155,60","297,61M","-0,04%"
"02.02.2023","9.229,70","9.145,50","9.281,40","9.133,10","364,81M","1,45%"
"01.02.2023","9.098,10","9.047,30","9.126,60","9.046,20","236,08M","0,71%"
"31.01.2023","9.034,00","9.052,20","9.069,90","8.994,00","239,32M","-0,17%"
"30.01.2023","9.049,30","9.045,80","9.066,10","9.011,40","152,78M","-0,12%"
"27.01.2023","9.060,20","9.048,50","9.082,80","9.022,30","201,02M","0,27%"
"26.01.2023","9.035,60","9.003,10","9.054,50","8.995,30","304,45M","0,87%"
"25.01.2023","8.957,50","8.961,60","8.968,30","8.905,00","166,33M","-0,11%"
"24.01.2023","8.967,10","8.953,70","8.978,10","8.906,00","123,86M","0,26%"
"23.01.2023","8.944,10","8.925,20","8.976,50","8.909,90","134,69M","0,29%"
"20.01.2023","8.918,20","8.829,40","8.918,20","8.828,90","188,97M","1,42%"
"19.01.2023","8.793,10","8.891,30","8.894,40","8.726,70","236,20M","-1,57%"
"18.01.2023","8.933,30","8.910,40","8.988,90","8.909,50","202,92M","0,48%"
"17.01.2023","8.890,40","8.863,70","8.916,80","8.833,40","145,66M","0,22%"
"16.01.2023","8.871,10","8.896,80","8.918,20","8.847,10","125,05M","-0,12%"
"13.01.2023","8.881,70","8.836,70","8.918,40","8.828,70","197,13M","0,61%"
"12.01.2023","8.828,10","8.738,60","8.849,70","8.735,20","203,51M","1,17%"
"11.01.2023","8.726,30","8.721,30","8.762,90","8.700,70","166,06M","0,16%"
"10.01.2023","8.712,70","8.669,30","8.724,50","8.666,70","147,72M","0,20%"
"09.01.2023","8.694,90","8.692,40","8.721,60","8.661,40","215,67M","-0,07%"
"06.01.2023","8.701,10","8.615,00","8.701,10","8.589,20","162,16M","1,09%"
"05.01.2023","8.607,60","8.530,20","8.618,90","8.527,70","182,44M","0,56%"
"04.01.2023","8.559,80","8.443,10","8.560,50","8.442,10","206,75M","1,93%"
"03.01.2023","8.397,40","8.366,90","8.454,30","8.327,40","164,67M","0,33%"
"02.01.2023","8.369,70","8.297,90","8.384,90","8.283,70","92,19M","1,71%"
"30.12.2022","8.229,10","8.290,30","8.290,40","8.221,70","121,41M","-1,07%"
"29.12.2022","8.318,30","8.237,60","8.321,90","8.208,70","117,20M","0,72%"
"28.12.2022","8.258,50","8.275,40","8.319,40","8.252,30","97,67M","-0,14%"
"27.12.2022","8.270,10","8.307,40","8.332,50","8.266,80","91,61M","0,01%"
"23.12.2022","8.269,10","8.280,30","8.313,70","8.236,10","103,24M","-0,04%"
"22.12.2022","8.272,10","8.314,40","8.338,60","8.257,60","122,26M","-0,36%"
"21.12.2022","8.302,30","8.220,00","8.312,20","8.201,70","146,34M","1,43%"
"20.12.2022","8.185,20","8.080,30","8.216,90","8.059,50","181,95M","0,59%"
"19.12.2022","8.136,80","8.122,30","8.180,30","8.109,40","129,23M","0,30%"
"16.12.2022","8.112,50","8.188,80","8.192,10","8.079,80","387,74M","-1,29%"
"15.12.2022","8.218,80","8.314,80","8.332,40","8.195,90","216,85M","-1,70%"
"14.12.2022","8.360,60","8.322,40","8.360,60","8.297,90","160,33M","0,40%"
"13.12.2022","8.327,70","8.266,00","8.415,70","8.213,20","206,58M","0,83%"
"12.12.2022","8.258,90","8.260,50","8.270,20","8.222,50","116,66M","-0,37%"
"09.12.2022","8.289,20","8.262,90","8.293,70","8.194,90","131,66M","0,78%"
"08.12.2022","8.225,20","8.307,90","8.308,60","8.225,20","118,77M","-0,79%"
"07.12.2022","8.290,50","8.308,10","8.344,00","8.279,80","129,31M","-0,50%"
"06.12.2022","8.331,90","8.332,60","8.355,90","8.296,40","123,95M","-0,46%"
"05.12.2022","8.370,10","8.372,80","8.395,70","8.358,80","103,86M","-0,15%"
"02.12.2022","8.382,60","8.390,00","8.414,10","8.342,30","146,28M","-0,30%"
"01.12.2022","8.407,90","8.426,20","8.469,00","8.381,80","209,72M","0,53%"
"30.11.2022","8.363,20","8.350,40","8.364,60","8.304,40","325,06M","0,49%"
"29.11.2022","8.322,10","8.348,50","8.354,50","8.282,80","145,89M","-0,01%"
"28.11.2022","8.323,20","8.380,70","8.396,40","8.316,70","125,89M","-1,11%"
"25.11.2022","8.416,60","8.391,70","8.425,50","8.378,20","135,91M","0,34%"
"24.11.2022","8.388,10","8.341,30","8.412,50","8.339,20","137,79M","0,68%"
"23.11.2022","8.331,20","8.338,80","8.344,00","8.288,40","154,54M","0,07%"
"22.11.2022","8.325,00","8.203,30","8.345,60","8.200,30","215,62M","1,67%"
"21.11.2022","8.188,40","8.102,90","8.198,50","8.100,50","155,12M","0,75%"
"18.11.2022","8.127,80","8.107,00","8.127,80","8.048,50","178,69M","1,08%"
"17.11.2022","8.040,70","8.105,10","8.123,20","7.986,10","139,50M","-0,75%"
"16.11.2022","8.101,40","8.175,10","8.188,70","8.075,00","163,76M","-1,06%"
"15.11.2022","8.188,40","8.161,00","8.192,10","8.117,30","182,29M","0,27%"
"14.11.2022","8.166,50","8.123,20","8.210,80","8.110,40","142,67M","0,84%"
"11.11.2022","8.098,10","8.178,70","8.178,70","8.073,80","218,00M","-0,43%"
"10.11.2022","8.133,20","8.004,00","8.176,00","7.975,10","256,12M","1,15%"
"09.11.2022","8.040,40","7.983,40","8.061,60","7.968,10","161,11M","0,52%"
"08.11.2022","7.998,90","7.942,30","8.005,80","7.922,00","120,20M","0,46%"
"07.11.2022","7.962,30","7.910,50","7.990,00","7.893,20","138,36M","0,25%"
"04.11.2022","7.942,70","7.908,50","8.006,00","7.830,60","197,13M","0,94%"
"03.11.2022","7.868,90","7.897,50","7.897,50","7.798,40","140,56M","-1,25%"
"02.11.2022","7.968,60","8.017,80","8.018,20","7.960,60","144,93M","-0,38%"
"01.11.2022","7.999,00","8.011,80","8.073,90","7.971,80","146,53M","0,53%"
"31.10.2022","7.956,50","7.913,60","7.958,10","7.871,70","164,83M","0,51%"
"28.10.2022","7.916,50","7.859,60","7.916,50","7.832,60","185,93M","-0,06%"
"27.10.2022","7.921,10","7.846,90","7.944,30","7.798,90","202,34M","0,64%"
"26.10.2022","7.870,60","7.826,40","7.877,90","7.756,60","186,58M","0,97%"
"25.10.2022","7.794,90","7.716,50","7.803,60","7.675,20","149,34M","1,49%"
"24.10.2022","7.680,50","7.612,20","7.739,60","7.570,00","169,75M","1,79%"
"21.10.2022","7.545,60","7.586,40","7.592,60","7.449,60","245,06M","-1,29%"
"20.10.2022","7.644,40","7.584,70","7.660,70","7.552,10","178,42M","0,80%"
"19.10.2022","7.583,60","7.630,40","7.642,60","7.530,50","131,87M","-0,36%"
"18.10.2022","7.611,30","7.613,00","7.692,30","7.594,60","149,75M","0,72%"
"17.10.2022","7.557,10","7.416,10","7.589,10","7.413,40","166,45M","2,37%"
"14.10.2022","7.382,50","7.467,90","7.503,40","7.371,60","187,97M","0,46%"
"13.10.2022","7.348,80","7.234,10","7.385,30","7.189,60","195,47M","1,21%"
"12.10.2022","7.261,10","7.356,30","7.359,70","7.239,00","135,44M","-1,29%"
"11.10.2022","7.355,90","7.369,30","7.410,30","7.315,50","130,87M","-0,78%"
"10.10.2022","7.413,50","7.389,50","7.441,40","7.372,90","114,40M","-0,31%"
"07.10.2022","7.436,90","7.463,90","7.517,50","7.412,50","133,00M","-0,99%"
"06.10.2022","7.511,10","7.597,30","7.638,80","7.482,10","118,07M","-0,91%"
"05.10.2022","7.579,90","7.655,60","7.678,40","7.537,90","130,26M","-1,52%"
"04.10.2022","7.696,60","7.548,50","7.699,90","7.529,20","199,97M","3,14%"
"03.10.2022","7.462,00","7.327,50","7.472,90","7.288,50","155,77M","1,29%"
"30.09.2022","7.366,80","7.345,60","7.395,10","7.318,50","186,03M","0,91%"
"29.09.2022","7.300,10","7.407,40","7.416,90","7.242,20","185,71M","-1,91%"
"28.09.2022","7.442,20","7.380,70","7.448,40","7.273,00","217,52M","-0,05%"
"27.09.2022","7.445,70","7.564,30","7.587,60","7.436,10","199,71M","-0,84%"
"26.09.2022","7.508,50","7.534,20","7.589,20","7.473,50","190,14M","-0,99%"
"23.09.2022","7.583,50","7.770,80","7.770,80","7.527,50","215,67M","-2,46%"
"22.09.2022","7.774,70","7.776,30","7.897,10","7.753,60","182,96M","-1,24%"
"21.09.2022","7.872,20","7.803,40","7.896,70","7.790,50","157,19M","-0,01%"
"20.09.2022","7.873,10","8.020,80","8.064,10","7.873,10","157,29M","-1,50%"
"19.09.2022","7.993,20","7.957,80","8.023,40","7.911,00","110,51M","0,11%"
"16.09.2022","7.984,70","7.994,40","8.039,20","7.962,20","329,45M","-1,25%"
"15.09.2022","8.085,50","8.051,90","8.125,40","8.024,20","229,94M","0,37%"
"14.09.2022","8.055,60","8.070,30","8.124,50","8.024,00","160,07M","-0,10%"
"13.09.2022","8.064,00","8.229,00","8.235,80","8.054,70","192,03M","-1,59%"
"12.09.2022","8.194,30","8.087,80","8.212,60","8.077,40","173,42M","2,01%"
"09.09.2022","8.033,10","7.920,50","8.063,80","7.918,60","189,94M","1,47%"
"08.09.2022","7.916,80","7.902,30","7.933,30","7.772,70","206,75M","0,78%"
"07.09.2022","7.855,90","7.791,10","7.880,20","7.784,40","147,01M","0,17%"
"06.09.2022","7.842,20","7.868,00","7.935,90","7.813,60","125,30M","-0,26%"
"05.09.2022","7.862,70","7.801,30","7.867,80","7.765,50","119,38M","-0,88%"
"02.09.2022","7.932,20","7.843,80","7.943,40","7.796,70","121,21M","1,62%"
"01.09.2022","7.806,00","7.838,80","7.849,40","7.797,00","132,47M","-1,02%"
"31.08.2022","7.886,10","7.994,80","7.996,40","7.866,60","228,02M","-1,17%"
"30.08.2022","7.979,80","8.004,50","8.105,20","7.968,60","158,86M","-0,12%"
"29.08.2022","7.989,60","7.970,90","8.005,00","7.933,40","103,31M","-0,92%"
"26.08.2022","8.063,90","8.229,70","8.239,60","8.044,10","120,27M","-1,51%"
"25.08.2022","8.187,50","8.230,00","8.263,00","8.166,30","88,85M","-0,15%"
"24.08.2022","8.199,40","8.196,90","8.224,70","8.161,80","82,59M","-0,33%"
"23.08.2022","8.226,30","8.254,90","8.272,60","8.205,50","102,24M","-0,71%"
"22.08.2022","8.284,80","8.291,60","8.300,90","8.213,60","125,08M","-0,64%"
"19.08.2022","8.338,10","8.395,00","8.408,70","8.320,90","145,36M","-1,09%"
"18.08.2022","8.430,30","8.440,70","8.470,10","8.392,60","88,54M","-0,05%"
"17.08.2022","8.434,80","8.520,20","8.540,00","8.426,50","113,54M","-0,91%"
"16.08.2022","8.511,90","8.448,70","8.527,30","8.440,40","118,72M","1,01%"
"15.08.2022","8.427,00","8.423,90","8.429,30","8.384,40","82,28M","0,32%"
"12.08.2022","8.400,40","8.383,50","8.453,00","8.371,40","118,97M","0,24%"
"11.08.2022","8.380,00","8.386,00","8.420,40","8.368,90","104,91M","0,33%"
"10.08.2022","8.352,80","8.299,60","8.367,20","8.295,90","131,02M","0,49%"
"09.08.2022","8.311,90","8.260,00","8.339,60","8.245,60","115,02M","0,48%"
"08.08.2022","8.272,50","8.220,90","8.294,40","8.193,30","118,57M","1,28%"
"05.08.2022","8.168,00","8.151,20","8.198,00","8.120,50","144,26M","0,08%"
"04.08.2022","8.161,10","8.148,00","8.214,40","8.133,90","135,70M","0,23%"
"03.08.2022","8.142,10","8.092,60","8.161,30","8.066,30","146,69M","0,56%"
"02.08.2022","8.096,90","8.060,60","8.122,50","8.049,80","154,64M","0,15%"
"01.08.2022","8.085,10","8.161,90","8.230,70","8.071,80","162,09M","-0,87%"
"29.07.2022","8.156,20","8.140,30","8.207,80","8.134,10","249,07M","0,88%"
"28.07.2022","8.084,90","8.193,70","8.196,40","7.995,40","250,67M","-0,49%"
"27.07.2022","8.124,40","8.106,50","8.149,70","8.054,20","147,90M","0,68%"
"26.07.2022","8.069,60","8.063,10","8.097,00","8.033,50","129,25M","-0,20%"
"25.07.2022","8.085,60","8.021,90","8.103,40","8.015,70","124,36M","0,42%"
"22.07.2022","8.051,60","8.009,40","8.085,30","7.999,30","181,05M","0,49%"
"21.07.2022","8.012,70","7.981,60","8.105,70","7.970,30","218,62M","-0,20%"
"20.07.2022","8.028,90","8.156,80","8.173,30","7.989,60","176,08M","-1,18%"
"19.07.2022","8.125,10","7.920,40","8.161,20","7.912,70","201,69M","2,03%"
"18.07.2022","7.963,10","8.004,70","8.030,10","7.926,80","156,06M","0,22%"
"15.07.2022","7.945,90","7.821,30","7.969,30","7.806,20","197,82M","1,81%"
"14.07.2022","7.804,30","7.903,80","7.922,20","7.764,90","197,27M","-1,77%"
"13.07.2022","7.944,90","7.991,30","8.002,60","7.891,50","198,61M","-0,87%"
"12.07.2022","8.014,80","8.029,00","8.071,30","7.893,10","365,80M","-0,62%"
"11.07.2022","8.065,20","7.994,40","8.099,80","7.980,40","130,23M","-0,43%"
"08.07.2022","8.100,30","8.099,00","8.137,90","8.034,10","147,63M","-0,27%"
"07.07.2022","8.122,50","8.026,60","8.128,90","7.998,60","200,24M","2,19%"
"06.07.2022","7.948,60","8.040,50","8.061,70","7.939,70","249,44M","-0,14%"
"05.07.2022","7.959,40","8.191,20","8.209,50","7.959,40","193,25M","-2,48%"
"04.07.2022","8.161,80","8.226,20","8.240,40","8.161,80","117,45M","-0,17%"
"01.07.2022","8.176,10","8.043,00","8.206,90","8.027,30","150,84M","0,96%"
"30.06.2022","8.098,70","8.094,80","8.117,20","7.994,20","222,96M","-1,09%"
"29.06.2022","8.188,00","8.236,30","8.262,90","8.159,00","139,28M","-1,56%"
"28.06.2022","8.317,50","8.292,00","8.374,80","8.278,60","127,86M","0,91%"
"27.06.2022","8.242,60","8.266,10","8.309,90","8.185,50","132,60M","-0,02%"
"24.06.2022","8.244,10","8.129,50","8.262,30","8.108,50","174,31M","1,70%"
"23.06.2022","8.106,40","8.097,50","8.172,90","8.034,30","195,48M","-0,48%"
"22.06.2022","8.145,40","8.158,30","8.193,40","8.066,60","162,16M","-1,10%"
"21.06.2022","8.235,60","8.324,50","8.361,40","8.222,80","157,76M","-0,61%"
"20.06.2022","8.286,00","8.180,40","8.297,00","8.159,00","143,71M","1,72%"
"17.06.2022","8.145,90","8.107,60","8.236,00","8.025,60","395,31M","0,84%"
"16.06.2022","8.078,10","8.157,50","8.172,10","8.034,70","162,99M","-1,18%"
"15.06.2022","8.174,70","8.201,20","8.242,20","8.097,70","194,10M","1,34%"
"14.06.2022","8.066,40","8.229,20","8.280,40","8.066,40","175,61M","-1,43%"
"13.06.2022","8.183,30","8.312,90","8.312,90","8.159,00","266,91M","-2,47%"
"10.06.2022","8.390,60","8.662,00","8.671,30","8.362,80","271,50M","-3,68%"
"09.06.2022","8.711,20","8.812,50","8.836,30","8.707,80","174,01M","-1,49%"
"08.06.2022","8.842,70","8.876,70","8.881,60","8.791,00","145,18M","0,01%"
"07.06.2022","8.841,60","8.793,30","8.848,80","8.793,30","139,32M","0,06%"
"06.06.2022","8.836,30","8.785,30","8.852,30","8.768,20","124,14M","1,28%"
"03.06.2022","8.724,80","8.800,70","8.808,20","8.706,40","95,87M","-0,22%"
"02.06.2022","8.744,10","8.778,90","8.793,20","8.709,00","103,69M","-0,04%"
"01.06.2022","8.747,20","8.881,30","8.909,30","8.736,70","163,20M","-1,18%"
"31.05.2022","8.851,50","8.898,80","8.922,80","8.836,90","314,82M","-0,89%"
"30.05.2022","8.930,80","8.975,60","8.992,70","8.905,60","159,28M","-0,03%"
"27.05.2022","8.933,60","8.904,00","8.937,70","8.873,00","194,95M","0,50%"
"26.05.2022","8.888,80","8.787,50","8.901,20","8.780,00","203,82M","1,47%"
"25.05.2022","8.760,20","8.723,10","8.773,90","8.652,20","203,49M","1,49%"
"24.05.2022","8.631,20","8.537,80","8.654,00","8.534,30","207,03M","0,06%"
"23.05.2022","8.625,80","8.600,40","8.625,80","8.514,70","166,88M","1,67%"
"20.05.2022","8.484,50","8.464,90","8.546,90","8.456,10","172,38M","0,93%"
"19.05.2022","8.406,00","8.416,10","8.436,60","8.341,70","155,48M","-0,83%"
"18.05.2022","8.476,40","8.492,80","8.546,40","8.454,80","156,40M","0,01%"
"17.05.2022","8.475,70","8.422,50","8.488,90","8.409,40","156,31M","1,46%"
"16.05.2022","8.353,70","8.316,30","8.383,20","8.284,80","118,78M","0,19%"
"13.05.2022","8.338,10","8.263,40","8.338,10","8.244,70","148,60M","1,68%"
"12.05.2022","8.200,40","8.183,20","8.257,10","8.134,50","202,06M","-1,35%"
"11.05.2022","8.312,60","8.187,10","8.316,80","8.138,50","199,58M","2,13%"
"10.05.2022","8.139,20","8.219,30","8.259,00","8.138,90","204,42M","0,00%"
"09.05.2022","8.139,20","8.280,10","8.358,40","8.139,20","192,93M","-2,20%"
"06.05.2022","8.322,00","8.398,60","8.406,50","8.283,60","314,49M","-1,34%"
"05.05.2022","8.434,70","8.636,70","8.651,20","8.427,60","252,40M","-0,77%"
"04.05.2022","8.500,50","8.594,80","8.612,10","8.498,40","158,31M","-1,04%"
"03.05.2022","8.590,20","8.501,90","8.590,20","8.477,10","173,28M","1,83%"
"02.05.2022","8.436,00","8.516,60","8.563,20","8.350,00","158,84M","-1,73%"
"29.04.2022","8.584,20","8.572,10","8.617,30","8.526,00","218,57M","0,85%"
"28.04.2022","8.512,20","8.515,80","8.554,90","8.415,80","234,74M","0,41%"
"27.04.2022","8.477,70","8.458,80","8.506,90","8.344,90","243,35M","0,46%"
"26.04.2022","8.439,30","8.687,70","8.703,80","8.435,30","321,48M","-1,58%"
"25.04.2022","8.574,60","8.535,60","8.656,10","8.511,10","189,83M","-0,90%"
"22.04.2022","8.652,30","8.712,50","8.788,70","8.652,30","220,99M","-1,84%"
"21.04.2022","8.814,60","8.791,60","8.877,70","8.774,60","208,12M","0,51%"
"20.04.2022","8.769,50","8.713,40","8.816,20","8.706,80","188,72M","0,87%"
"19.04.2022","8.694,00","8.677,00","8.722,20","8.619,10","157,02M","-0,06%"
"14.04.2022","8.699,00","8.626,30","8.756,80","8.606,00","172,58M","0,94%"
"13.04.2022","8.617,80","8.533,40","8.617,80","8.532,90","161,72M","0,46%"
"12.04.2022","8.578,00","8.469,80","8.612,40","8.446,30","194,80M","-0,08%"
"11.04.2022","8.585,00","8.580,90","8.637,20","8.544,00","167,80M","-0,25%"
"08.04.2022","8.606,40","8.562,20","8.625,30","8.543,10","175,19M","1,64%"
"07.04.2022","8.467,40","8.512,70","8.635,20","8.451,00","223,34M","-0,17%"
"06.04.2022","8.482,10","8.600,60","8.635,60","8.418,00","273,33M","-1,64%"
"05.04.2022","8.623,30","8.529,80","8.640,30","8.505,70","180,39M","1,20%"
"04.04.2022","8.520,80","8.536,10","8.546,40","8.432,90","141,86M","0,20%"
"01.04.2022","8.503,70","8.481,70","8.533,00","8.442,80","150,41M","0,69%"
"31.03.2022","8.445,10","8.562,60","8.588,30","8.445,10","220,12M","-1,23%"
"30.03.2022","8.550,60","8.583,30","8.597,40","8.508,90","185,39M","-0,74%"
"29.03.2022","8.614,60","8.451,00","8.621,00","8.419,70","257,81M","2,98%"
"28.03.2022","8.365,60","8.354,40","8.485,70","8.354,40","167,96M","0,42%"
"25.03.2022","8.330,60","8.314,10","8.363,20","8.286,50","156,19M","0,31%"
"24.03.2022","8.305,10","8.352,10","8.380,00","8.274,50","175,54M","-0,28%"
"23.03.2022","8.328,40","8.509,60","8.522,20","8.328,40","184,04M","-1,87%"
"22.03.2022","8.487,20","8.415,70","8.487,20","8.400,70","176,35M","1,17%"
"21.03.2022","8.389,20","8.417,30","8.465,60","8.389,20","149,78M","-0,34%"
"18.03.2022","8.417,60","8.422,40","8.434,10","8.309,20","336,65M","0,07%"
"17.03.2022","8.412,00","8.409,50","8.445,80","8.317,40","243,53M","0,38%"
"16.03.2022","8.380,40","8.375,70","8.475,50","8.324,60","331,70M","1,75%"
"15.03.2022","8.236,10","8.150,20","8.286,70","8.092,70","238,01M","0,02%"
"14.03.2022","8.234,40","8.228,90","8.313,40","8.190,30","236,74M","1,13%"
"11.03.2022","8.142,10","8.115,30","8.375,30","8.068,10","333,21M","0,90%"
"10.03.2022","8.069,30","8.166,50","8.197,10","7.997,20","320,30M","-1,15%"
"09.03.2022","8.163,10","8.043,40","8.163,10","7.976,30","358,26M","4,88%"
"08.03.2022","7.783,40","7.569,80","7.923,70","7.566,10","372,80M","1,82%"
"07.03.2022","7.644,60","7.510,40","7.769,70","7.287,70","469,18M","-0,99%"
"04.03.2022","7.720,90","7.988,50","8.000,20","7.719,00","395,65M","-3,63%"
"03.03.2022","8.011,40","8.296,10","8.349,60","7.978,40","297,39M","-3,72%"
"02.03.2022","8.321,00","8.145,90","8.371,00","8.071,20","339,70M","1,62%"
"01.03.2022","8.188,20","8.462,10","8.510,30","8.188,20","360,17M","-3,43%"
"28.02.2022","8.479,20","8.302,80","8.500,40","8.286,90","396,64M","-0,09%"
"25.02.2022","8.486,60","8.242,90","8.496,50","8.188,10","381,38M","3,51%"
"24.02.2022","8.198,50","8.084,20","8.254,20","8.048,00","526,12M","-2,86%"
"23.02.2022","8.440,10","8.519,10","8.607,50","8.410,70","190,89M","-0,63%"
"22.02.2022","8.493,20","8.295,20","8.551,10","8.262,60","231,61M","0,05%"
"21.02.2022","8.488,90","8.638,80","8.666,40","8.439,00","164,76M","-1,18%"
"18.02.2022","8.590,00","8.678,90","8.708,00","8.564,10","189,69M","-0,94%"
"17.02.2022","8.671,10","8.713,00","8.749,70","8.631,80","171,63M","-0,76%"
"16.02.2022","8.737,20","8.735,30","8.798,00","8.678,20","171,25M","0,22%"
"15.02.2022","8.718,00","8.533,30","8.721,10","8.521,20","207,32M","1,68%"
"14.02.2022","8.573,80","8.583,90","8.643,20","8.504,50","310,67M","-2,55%"
"11.02.2022","8.798,10","8.797,30","8.833,50","8.766,50","213,21M","-0,99%"
"10.02.2022","8.886,20","8.871,50","8.912,20","8.819,10","281,27M","0,45%"
"09.02.2022","8.846,40","8.736,30","8.850,20","8.716,90","262,48M","1,98%"
"08.02.2022","8.674,60","8.576,40","8.702,30","8.572,50","282,90M","1,36%"
"07.02.2022","8.558,40","8.646,30","8.649,80","8.509,00","255,60M","-0,36%"
"04.02.2022","8.589,30","8.741,60","8.770,10","8.551,10","314,16M","-1,15%"
"03.02.2022","8.689,40","8.694,40","8.735,60","8.660,10","276,25M","-0,27%"
"02.02.2022","8.713,20","8.782,90","8.785,20","8.713,20","182,82M","-0,15%"
"01.02.2022","8.726,70","8.679,90","8.745,10","8.665,00","208,66M","1,32%"
"31.01.2022","8.612,80","8.697,10","8.705,10","8.564,60","213,54M","0,03%"
"28.01.2022","8.609,80","8.705,70","8.713,10","8.515,00","187,56M","-1,10%"
"27.01.2022","8.706,00","8.503,60","8.740,60","8.489,80","267,82M","1,00%"
"26.01.2022","8.620,20","8.526,60","8.696,40","8.525,60","206,01M","1,66%"
"25.01.2022","8.479,50","8.488,40","8.529,90","8.408,90","200,73M","0,73%"
"24.01.2022","8.417,80","8.660,00","8.673,50","8.361,40","275,31M","-3,18%"
"21.01.2022","8.694,70","8.702,30","8.760,80","8.622,10","227,84M","-1,36%"
"20.01.2022","8.814,60","8.783,30","8.825,70","8.737,80","162,95M","0,45%"
"19.01.2022","8.774,90","8.758,60","8.856,90","8.749,00","226,23M","-0,08%"
"18.01.2022","8.781,60","8.811,00","8.820,90","8.761,80","158,13M","-0,65%"
"17.01.2022","8.838,70","8.848,40","8.866,60","8.829,40","136,56M","0,36%"
"14.01.2022","8.806,60","8.767,40","8.810,10","8.739,70","158,55M","-0,12%"
"13.01.2022","8.816,90","8.755,90","8.817,10","8.750,30","155,32M","0,53%"
"12.01.2022","8.770,30","8.803,10","8.804,10","8.754,80","164,26M","0,16%"
"11.01.2022","8.755,90","8.726,80","8.790,00","8.719,00","169,26M","0,56%"
"10.01.2022","8.706,90","8.771,40","8.775,40","8.679,50","183,56M","-0,51%"
"07.01.2022","8.751,80","8.781,90","8.796,50","8.709,50","170,22M","-0,43%"
"06.01.2022","8.789,90","8.664,60","8.789,90","8.628,90","174,96M","-0,01%"
"05.01.2022","8.790,80","8.799,60","8.821,60","8.768,10","146,05M","-0,06%"
"04.01.2022","8.795,80","8.821,60","8.834,10","8.784,70","192,38M","0,39%"
"03.01.2022","8.761,20","8.729,70","8.808,10","8.725,00","117,50M","0,54%"